[{"model": "sessions.session", "pk": "14v4fekildjhuuq701equyiwvu9msh1n", "fields": {"session_data": "YWE1MzM5ODRiNTdkOGE3ODZkYWQ2YThjYzFiNDA2M2Y2NGU0NmRiNTp7InNlc3Npb25fa2V5IjoxMjN9", "expire_date": "2018-03-18T09:29:58.194Z"}}, {"model": "sessions.session", "pk": "2jdcp77zvjvkfjuhp93x4hfulwmbqzuh", "fields": {"session_data": "MGRmOGI3YTJlNmVlODBlYjBkOWViYTQzZjIxZWU1NWNiM2Y5MWUxZjp7Il9hdXRoX3VzZXJfaWQiOiIxIiwiX2F1dGhfdXNlcl9iYWNrZW5kIjoiZGphbmdvLmNvbnRyaWIuYXV0aC5iYWNrZW5kcy5Nb2RlbEJhY2tlbmQiLCJfYXV0aF91c2VyX2hhc2giOiI3ZTg4YmY4ZjY1ODA2ODdjMjYzMjM3YjMwMzdlZjk5NTk3ZDIyOGIwIn0=", "expire_date": "2017-11-04T13:02:53.455Z"}}, {"model": "sessions.session", "pk": "5mo5wgmft5sowzn1ezch95b8m7c0uywf", "fields": {"session_data": "YWE1MzM5ODRiNTdkOGE3ODZkYWQ2YThjYzFiNDA2M2Y2NGU0NmRiNTp7InNlc3Npb25fa2V5IjoxMjN9", "expire_date": "2018-03-18T09:27:32.909Z"}}, {"model": "sessions.session", "pk": "7fyqrml9lyy75ykkgpdxefuh56tuflbq", "fields": {"session_data": "MThkOTdkMTFiOTI1ODYzYmMzMDNhYzJmMzllOTYwZWJlNzQ5Zjk5NTp7Il9hdXRoX3VzZXJfaWQiOiIzOSIsIl9hdXRoX3VzZXJfYmFja2VuZCI6ImRqYW5nby5jb250cmliLmF1dGguYmFja2VuZHMuTW9kZWxCYWNrZW5kIiwiX2F1dGhfdXNlcl9oYXNoIjoiNjdiMTc3OTljMzM2ZGJjNDQyNGQwYWJkOTE5MWEzYTIzODlhNzQ0ZCJ9", "expire_date": "2018-03-22T21:34:07.738Z"}}, {"model": "sessions.session", "pk": "8efrqc6sajdeqn2vc7nhiv7vlg9973l4", "fields": {"session_data": "ZTQ3NTE0MTYwMWNkYzkyY2NjMTk5MTNhZmQ0ZDY0MjhmOWZmNzkwYzp7Il9hdXRoX3VzZXJfaWQiOiIyMCIsIl9hdXRoX3VzZXJfYmFja2VuZCI6ImRqYW5nby5jb250cmliLmF1dGguYmFja2VuZHMuTW9kZWxCYWNrZW5kIiwiX2F1dGhfdXNlcl9oYXNoIjoiZjViZDJhOGZjZDYzY2YyOTY1MDk3MzgxNDJjMDgzZTFkOWFjY2Q2OSJ9", "expire_date": "2018-03-13T18:55:11.309Z"}}, {"model": "sessions.session", "pk": "apkpip9qdqr4q4gi6svozux42545581w", "fields": {"session_data": "NDYzMDcyMjNkMjU1YmU4OTM0OWQxMjJkNzRjNjQxZmNiNWJiZjJhZTp7InNlc3Npb25fa2V5IjoxMjMsIl9hdXRoX3VzZXJfaWQiOiIxIiwiX2F1dGhfdXNlcl9iYWNrZW5kIjoiZGphbmdvLmNvbnRyaWIuYXV0aC5iYWNrZW5kcy5Nb2RlbEJhY2tlbmQiLCJfYXV0aF91c2VyX2hhc2giOiI3ZTg4YmY4ZjY1ODA2ODdjMjYzMjM3YjMwMzdlZjk5NTk3ZDIyOGIwIn0=", "expire_date": "2017-11-18T13:04:59.483Z"}}, {"model": "sessions.session", "pk": "g36rnwfy09eo53aurce97et7r1gqg9i7", "fields": {"session_data": "YWE1MzM5ODRiNTdkOGE3ODZkYWQ2YThjYzFiNDA2M2Y2NGU0NmRiNTp7InNlc3Npb25fa2V5IjoxMjN9", "expire_date": "2018-03-24T22:15:00.477Z"}}, {"model": "sessions.session", "pk": "i0bfjzd01xu99fpaeln8b3uuf0pgs608", "fields": {"session_data": "YWE1MzM5ODRiNTdkOGE3ODZkYWQ2YThjYzFiNDA2M2Y2NGU0NmRiNTp7InNlc3Npb25fa2V5IjoxMjN9", "expire_date": "2018-03-18T09:32:39.693Z"}}, {"model": "sessions.session", "pk": "lnnc0bn91ayfp6qtp1bv7zoabxd9ov0d", "fields": {"session_data": "ZjMxMGJmNTBmNGQ2YmRhNTZjMGQ1NmJkM2NmYjk2MGI5M2I1ODZiYzp7InNlc3Npb25fa2V5IjoxMjMsIl9hdXRoX3VzZXJfaWQiOiIxMjQiLCJfYXV0aF91c2VyX2JhY2tlbmQiOiJkamFuZ28uY29udHJpYi5hdXRoLmJhY2tlbmRzLk1vZGVsQmFja2VuZCIsIl9hdXRoX3VzZXJfaGFzaCI6IjNkMWZlZDMyNjBiYjIyNGM2NjljZWU4NGY2MmI0MGEzYmMzOWZmZWUifQ==", "expire_date": "2018-03-25T01:20:38.953Z"}}, {"model": "sessions.session", "pk": "mbdbhtk91eaklyl1bc5yl5fgv5jt3th6", "fields": {"session_data": "MThkOTdkMTFiOTI1ODYzYmMzMDNhYzJmMzllOTYwZWJlNzQ5Zjk5NTp7Il9hdXRoX3VzZXJfaWQiOiIzOSIsIl9hdXRoX3VzZXJfYmFja2VuZCI6ImRqYW5nby5jb250cmliLmF1dGguYmFja2VuZHMuTW9kZWxCYWNrZW5kIiwiX2F1dGhfdXNlcl9oYXNoIjoiNjdiMTc3OTljMzM2ZGJjNDQyNGQwYWJkOTE5MWEzYTIzODlhNzQ0ZCJ9", "expire_date": "2018-03-25T01:19:30.416Z"}}, {"model": "sessions.session", "pk": "mujsnya427zkfrzggatboml488ysxnlr", "fields": {"session_data": "ZmExOTEzZTg3M2MwYzM4YzNhYzc3MjcyNmI3MzI3NTY2NTZhYzdkMTp7InNlc3Npb25fa2V5IjoxMjMsIl9hdXRoX3VzZXJfaGFzaCI6IjdlODhiZjhmNjU4MDY4N2MyNjMyMzdiMzAzN2VmOTk1OTdkMjI4YjAiLCJfYXV0aF91c2VyX2JhY2tlbmQiOiJkamFuZ28uY29udHJpYi5hdXRoLmJhY2tlbmRzLk1vZGVsQmFja2VuZCIsIl9hdXRoX3VzZXJfaWQiOiIxIn0=", "expire_date": "2017-10-21T11:34:37.206Z"}}, {"model": "sessions.session", "pk": "n4xmzf31ysrpw8svg180rb8bfx6qxwbt", "fields": {"session_data": "YWE1MzM5ODRiNTdkOGE3ODZkYWQ2YThjYzFiNDA2M2Y2NGU0NmRiNTp7InNlc3Npb25fa2V5IjoxMjN9", "expire_date": "2018-03-18T09:34:24.811Z"}}, {"model": "sessions.session", "pk": "pkehs52mnfow0uek1024cz98qjx8c0ey", "fields": {"session_data": "NTE2YmM1M2M3ZTk0NGU0OGRmNDgzZTUzOTI0YzUzMzA0OTE0NmZlZjp7InNlc3Npb25fa2V5IjoxMjMsIl9hdXRoX3VzZXJfaWQiOiIzOSIsIl9hdXRoX3VzZXJfYmFja2VuZCI6ImRqYW5nby5jb250cmliLmF1dGguYmFja2VuZHMuTW9kZWxCYWNrZW5kIiwiX2F1dGhfdXNlcl9oYXNoIjoiNjdiMTc3OTljMzM2ZGJjNDQyNGQwYWJkOTE5MWEzYTIzODlhNzQ0ZCJ9", "expire_date": "2018-03-26T20:56:12.494Z"}}, {"model": "sessions.session", "pk": "srn5by2prxr3tsmhm4tyolzf6h8tbcnu", "fields": {"session_data": "MThkOTdkMTFiOTI1ODYzYmMzMDNhYzJmMzllOTYwZWJlNzQ5Zjk5NTp7Il9hdXRoX3VzZXJfaWQiOiIzOSIsIl9hdXRoX3VzZXJfYmFja2VuZCI6ImRqYW5nby5jb250cmliLmF1dGguYmFja2VuZHMuTW9kZWxCYWNrZW5kIiwiX2F1dGhfdXNlcl9oYXNoIjoiNjdiMTc3OTljMzM2ZGJjNDQyNGQwYWJkOTE5MWEzYTIzODlhNzQ0ZCJ9", "expire_date": "2018-03-21T22:12:15.649Z"}}, {"model": "sessions.session", "pk": "ufn8srrxruj6w270oqvihw3rmpndihtx", "fields": {"session_data": "YWE1MzM5ODRiNTdkOGE3ODZkYWQ2YThjYzFiNDA2M2Y2NGU0NmRiNTp7InNlc3Npb25fa2V5IjoxMjN9", "expire_date": "2018-03-18T09:36:39.498Z"}}, {"model": "sessions.session", "pk": "wtiohsl3d5e5e0z2wivu4gtq67b5byms", "fields": {"session_data": "MGRmOGI3YTJlNmVlODBlYjBkOWViYTQzZjIxZWU1NWNiM2Y5MWUxZjp7Il9hdXRoX3VzZXJfaWQiOiIxIiwiX2F1dGhfdXNlcl9iYWNrZW5kIjoiZGphbmdvLmNvbnRyaWIuYXV0aC5iYWNrZW5kcy5Nb2RlbEJhY2tlbmQiLCJfYXV0aF91c2VyX2hhc2giOiI3ZTg4YmY4ZjY1ODA2ODdjMjYzMjM3YjMwMzdlZjk5NTk3ZDIyOGIwIn0=", "expire_date": "2018-02-12T20:17:17.156Z"}}, {"model": "sessions.session", "pk": "xi26882uplvfk7wqkqvxtoe7t4tjc9go", "fields": {"session_data": "Y2FkYTUyN2JhZjhhMjRlZmE4ZjE3MmY0YjZiYzA5ZmFmY2FmOWE1NTp7InNlc3Npb25fa2V5IjoxMjMsIl9hdXRoX3VzZXJfaWQiOiIyOCIsIl9hdXRoX3VzZXJfYmFja2VuZCI6ImRqYW5nby5jb250cmliLmF1dGguYmFja2VuZHMuTW9kZWxCYWNrZW5kIiwiX2F1dGhfdXNlcl9oYXNoIjoiYmZmNjcwNzNkM2VhMjlkYTBjYmUxZWU0MzAyZjc0OWVmMTM2OGYzMSJ9", "expire_date": "2018-03-17T13:54:07.585Z"}}, {"model": "sessions.session", "pk": "zon8oiqn8trecty7rzd12r6jwb0n2lg3", "fields": {"session_data": "YWE1MzM5ODRiNTdkOGE3ODZkYWQ2YThjYzFiNDA2M2Y2NGU0NmRiNTp7InNlc3Npb25fa2V5IjoxMjN9", "expire_date": "2018-03-18T09:25:57.422Z"}}, {"model": "landing.logoimage", "pk": 2, "fields": {"image": "logo_images/projectName.png", "is_active": true, "is_main": true, "created": "2017-10-07T12:52:37.900Z", "updated": "2017-10-07T12:52:37.900Z"}}, {"model": "landing.slidermain", "pk": 1, "fields": {"ad_name": "01_Advert", "ad_customer": "01_Customer", "ad_description": "\u0442\u0443 - \u0441\u044e\u0434\u0430", "ad_title": "01_Advert", "ad_text": "B\u0142yskotliwa, rozbrajaj\u0105co zabawna i g\u0142\u0119boko poruszaj\u0105ca \u201eJasna godzina\" uczy, jak kocha\u0107 ka\u017cdego dnia, nawet kiedy co\u015b idzie nie tak. To ksi\u0105\u017cka o spojrzeniu \u015bmierci prosto w twarz, a tak\u017ce niezwykle udana pr\u00f3ba pogodzenia si\u0119 z losem. Swoisty balsam dla duszy", "image": "advert_images/Slider_0201_35IC6dH.jpg", "url": "http://renew-polska.pl/", "is_active": true, "is_main": true, "position": null, "created": "2017-10-07T12:41:36.005Z", "updated": "2017-11-07T10:32:35.061Z", "activation_date": "2017-10-01", "deactivation_date": "2017-10-30"}}, {"model": "landing.slidermain", "pk": 2, "fields": {"ad_name": "01_Advert_\u0442\u0441\u0432\u043c\u0434\u0446\u0443", "ad_customer": "02 Costomer", "ad_description": "\u0430\u0443\u043a\u043f\u043a\u0443\u043f\u0443\u043a\u043c\u0443\u043a\u043c\u0443\u043a\u0432\u043c\u0443\u043a\u0432\u0430\u044b\u043f\u0443\u043a\u0432\u0430\u044b", "ad_title": "0202 Advertising 02 FOREVER 02", "ad_text": "\u201eJasna godzina\" niemal natychmiast po premierze znalaz\u0142a si\u0119 na li\u015bcie bestseller\u00f3w \u201eNew York Timesa\". Ksi\u0105\u017cka podbi\u0142a serca ameryka\u0144skich czytelnik\u00f3w, a prawa sprzedano ju\u017c do kilkunastu kraj\u00f3w. Dziennikarze i recenzenci por\u00f3wnuj\u0105 j\u0105 z bestsellerowym \u201eJeszcze jednym", "image": "advert_images/Slider_0202_X9Jrk5X.jpg", "url": "http://renew-polska.pl/portfolio/mleczko-oczyszczajace/", "is_active": true, "is_main": true, "position": null, "created": "2017-10-07T12:44:06.317Z", "updated": "2017-11-07T10:33:25.675Z", "activation_date": "2017-10-01", "deactivation_date": "2017-10-15"}}, {"model": "landing.slidermain", "pk": 3, "fields": {"ad_name": "03 advertising for Animal", "ad_customer": "03 animanls", "ad_description": "\u0441\u0432\u044b\u0441\r\n\u0441\u0446\u0443\u0441\r\n\u0441\u0446\u0443\u0441", "ad_title": "03 Aminal Advertising partly", "ad_text": "Orkan Ksawery by\u0142 na tyle silny, \u017ce powa\u017cnie utrudni\u0142 l\u0105dowanie nawet najwi\u0119kszemu samolotowi pasa\u017cerskiemu \u015bwiata. Airbus A380", "image": "advert_images/Slider_0204_j1w4bcC.jpg", "url": "http://renew-polska.pl/kontakt/", "is_active": true, "is_main": true, "position": null, "created": "2017-10-07T12:45:15.161Z", "updated": "2017-11-07T10:33:49.827Z", "activation_date": "2017-10-01", "deactivation_date": "2017-10-31"}}, {"model": "landing.slidermain", "pk": 4, "fields": {"ad_name": "04 advertising for Things", "ad_customer": "04 Things just to be", "ad_description": "ednlke  gerger g gbre gb erg er gb erdf ber dfgv", "ad_title": "04 we want just MONEY", "ad_text": "Monta\u017c grzejnik\u00f3w jest ostatnim etapem monta\u017cu instalacji grzewczej. Prezentujemy monta\u017c grzejnika \u015bciennego na przyk\u0142adzie grzejnika niskotemperaturowego", "image": "advert_images/Slider_0204_d79A8TZ.jpg", "url": "http://renew-polska.pl/portfolio-type/masks/", "is_active": true, "is_main": true, "position": null, "created": "2017-10-07T12:46:29.732Z", "updated": "2017-11-07T10:34:12.173Z", "activation_date": "2017-10-08", "deactivation_date": "2017-10-16"}}, {"model": "landing.slidermain", "pk": 5, "fields": {"ad_name": "advert left", "ad_customer": "advert left", "ad_description": "advert left", "ad_title": "advert left", "ad_text": "advert left", "image": "advert_images/advert-left_01.png", "url": "http://renew-polska.pl/portfolio/kojaca-i-odswiezajaca-maseczka-do-skory-suchej/", "is_active": true, "is_main": false, "position": 1, "created": "2017-11-07T11:50:42.368Z", "updated": "2017-11-07T12:05:52.454Z", "activation_date": "2017-11-01", "deactivation_date": "2017-11-29"}}, {"model": "landing.slidermain", "pk": 6, "fields": {"ad_name": "advert_right", "ad_customer": "advert_right", "ad_description": "advert_right", "ad_title": "advert_right", "ad_text": "advert_right", "image": "advert_images/advert-right_01.png", "url": "http://renew-polska.pl/portfolio/krem-wypelniajacy-zmarszczki/", "is_active": true, "is_main": false, "position": 2, "created": "2017-11-07T12:19:09.337Z", "updated": "2017-11-07T12:19:09.337Z", "activation_date": "2017-11-01", "deactivation_date": "2017-11-07"}}, {"model": "landing.slidermain", "pk": 7, "fields": {"ad_name": "advert-right-up", "ad_customer": "advert-right-up", "ad_description": "advert-right-up", "ad_title": "advert-right-up", "ad_text": "advert-right-up", "image": "advert_images/advert-right-up_01.png", "url": "http://renew-polska.pl/portfolio/serum-z-witamina-c/", "is_active": true, "is_main": false, "position": 3, "created": "2017-11-07T12:28:41.940Z", "updated": "2017-11-07T12:28:41.940Z", "activation_date": "2017-11-01", "deactivation_date": "2017-11-29"}}, {"model": "landing.slidermain", "pk": 8, "fields": {"ad_name": "advert-right-down", "ad_customer": "advert-right-down", "ad_description": "advert-right-down", "ad_title": "advert-right-down", "ad_text": "advert-right-down", "image": "advert_images/advert-right-down_01.png", "url": "http://renew-polska.pl/portfolio/zel-nawilzajacy-z-kwasem-hialuronowym/", "is_active": true, "is_main": false, "position": 4, "created": "2017-11-07T12:34:02.788Z", "updated": "2017-11-07T12:34:02.788Z", "activation_date": "2017-11-07", "deactivation_date": "2017-11-21"}}, {"model": "products.productcategory", "pk": 1, "fields": {"name": "Nails", "slug": "nails", "description": "<p>Kosmetyki serii DERMO CONTROL maj\u0105 dzia\u0142anie \u015bci\u0105gaj\u0105ce i oczyszczaj\u0105ce, hamuj\u0105 rozw&oacute;j bakterii, kt&oacute;re wywo\u0142uj\u0105 stan zapalny. Ta seria obejmuje \u015brodki antyseptyczne i koj\u0105ce, kt&oacute;re zmniejszaj\u0105 aktywno\u015b\u0107 gruczo\u0142&oacute;w \u0142ojowych, przywracaj\u0105 funkcje ochronne sk&oacute;ry, sprzyjaj\u0105 oczyszczaniu por&oacute;w od sekrecji gruczo\u0142&oacute;w \u0142ojowych. Pozytywne efekty s\u0105 ju\u017c widoczne w kr&oacute;tkim czasie.</p>", "is_active": true}}, {"model": "products.productcategory", "pk": 2, "fields": {"name": "Face", "slug": "face", "description": "<p>Seria PROPIOGUARD jest specjalnie stworzona do intensywnego kompleksowego leczenia sk&oacute;ry cierpi\u0105cej na tr\u0105dzik, przyczyn\u0105 kt&oacute;rego s\u0105 bakterie propionowe (propionibacterium acnes).</p>\r\n\r\n<p>Seria PROPIOGUARD jest przeznaczona do t\u0142umienia flory bakteryjnej, eliminacji zask&oacute;rnik&oacute;w i innych element&oacute;w tr\u0105dziku, resorpcji naciek&oacute;w i przebarwie\u0144, normalizacji procesu keratynizacji w gruczo\u0142ach \u0142ojowych, regulowania sekrecji gruczo\u0142&oacute;w \u0142ojowych, przywr&oacute;cenia poziomu nawodnienia i wzmocnienia w\u0142a\u015bciwo\u015bci ochronnych sk&oacute;ry.</p>", "is_active": true}}, {"model": "products.productcategory", "pk": 3, "fields": {"name": "Body", "slug": "body", "description": null, "is_active": true}}, {"model": "products.productcategory", "pk": 4, "fields": {"name": "Others", "slug": "others", "description": null, "is_active": true}}, {"model": "products.product", "pk": 1, "fields": {"name": "Hydration Gel", "name_pl": "0123456789 0123456789 0123456789 0123456789 0123456789", "slug": "hydration-gel", "price": "159.00", "discount": 10, "category": 2, "name_description": "Product line:", "description": "DERMO CONTROL", "name_description_1": "Spos\u00f3b u\u017cycia:", "description_1": "<p style=\"margin-left:0cm; margin-right:0cm; text-align:justify\"><span style=\"font-size:11pt\"><span style=\"font-family:Calibri,sans-serif\"><span style=\"font-size:12.0pt\"><span style=\"font-family:&quot;Times New Roman&quot;,&quot;serif&quot;\">Na oczyszczon\u0105 i posmarowan\u0105 tonikiem cer\u0119 na\u0142o\u017cy\u0107 dostateczn\u0105 ilo\u015b\u0107 \u017celu.</span></span></span></span></p>\r\n\r\n<p style=\"margin-left:0cm; margin-right:0cm; text-align:justify\"><span style=\"font-size:11pt\"><span style=\"font-family:Calibri,sans-serif\"><strong><span style=\"font-size:12.0pt\"><span style=\"font-family:&quot;Times New Roman&quot;,&quot;serif&quot;\">Nast\u0119pnie:</span></span></strong></span></span></p>\r\n\r\n<p style=\"margin-left:0cm; margin-right:0cm; text-align:justify\"><span style=\"font-size:11pt\"><span style=\"font-family:Calibri,sans-serif\"><span style=\"font-size:12.0pt\"><span style=\"font-family:&quot;Times New Roman&quot;,&quot;serif&quot;\">lub 1) na\u0142&oacute;\u017c na twarz foli\u0119, dla przyspieszenia procesu parzenia mo\u017cna umie\u015bci\u0107 ciep\u0142y kompres na powierzchni folii. Po 15-20 minutach lokalnie zdj\u0105\u0107 foli\u0119, usun\u0105\u0107 pozosta\u0142o\u015bci \u017celu, rozpocz\u0105\u0107 oczyszczanie.</span></span></span></span></p>\r\n\r\n<p style=\"margin-left:0cm; margin-right:0cm; text-align:justify\"><span style=\"font-size:11pt\"><span style=\"font-family:Calibri,sans-serif\"><span style=\"font-size:12.0pt\"><span style=\"font-family:&quot;Times New Roman&quot;,&quot;serif&quot;\">lub 2) skierowa\u0107 na twarz strumie\u0144 pary z parownika. Gdy cera jest wra\u017cliwa i / lub ma tendencj\u0119 do zmian o charakterze tr\u0105dzika nie zaleca si\u0119 u\u017cycie dodatkowych \u017ar&oacute;de\u0142 ciep\u0142a. </span></span><span style=\"font-size:12.0pt\"><span style=\"font-family:&quot;Times New Roman&quot;,&quot;serif&quot;\">\u017bel jest niezast\u0105piony podczas oczyszczania atraumatycznego mechanicznego lub ultrad\u017awi\u0119kowego.</span></span></span></span></p>\r\n\r\n<ul>\r\n\t<li style=\"text-align:justify\"><span style=\"font-size:11pt\"><span style=\"font-family:Calibri,sans-serif\"><span style=\"font-size:12.0pt\"><span style=\"font-family:&quot;Times New Roman&quot;,&quot;serif&quot;\">\u017bel mo\u017ce by\u0107 stosowany do najbardziej wra\u017cliwej sk&oacute;ry i sk&oacute;ry maj\u0105cej sk\u0142onno\u015bci do tr\u0105dziku r&oacute;\u017cowatego, r&oacute;wnie\u017c jako spos&oacute;b na zimne parzenie;</span></span></span></span></li>\r\n\t<li style=\"text-align:justify\"><span style=\"font-size:11pt\"><span style=\"font-family:Calibri,sans-serif\"><span style=\"font-size:12.0pt\"><span style=\"font-family:&quot;Times New Roman&quot;,&quot;serif&quot;\">Znacznie otwiera pory i u\u0142atwia oczyszczanie nawet bez parownika;</span></span></span></span></li>\r\n\t<li style=\"text-align:justify\"><span style=\"font-size:11pt\"><span style=\"font-family:Calibri,sans-serif\"><span style=\"font-size:12.0pt\"><span style=\"font-family:&quot;Times New Roman&quot;,&quot;serif&quot;\">Podczas przeprowadzania oczyszczania ultrad\u017awi\u0119kowego dla dodatkowego nawil\u017cania sk&oacute;ry trzeba w oddzielnym pojemniku rozpu\u015bci\u0107 cz\u0119\u015b\u0107 \u017celu w wodzie w stosunku 1:1, a uzyskan\u0105 mieszank\u0119 nak\u0142ada\u0107 za pomoc\u0105 p\u0119dzla przed ponownym przej\u015bciem \u0142opatki ultrad\u017awi\u0119kowego urz\u0105dzenia.</span></span></span></span></li>\r\n</ul>", "name_description_2": "Sk\u0142adniki aktywne:", "description_2": "Ekstrakt z Rozmarynu, Kwas Hialuronowy, Kwas Salicylowy, Mocznik.", "name_description_3": "Zu\u017cycie:", "description_3": "3 ml", "name_description_4": null, "description_4": "", "name_description_5": null, "description_5": "", "short_description": "\u017bel stosuje si\u0119 w celu zmi\u0119kczenia sk\u00f3ry przed g\u0142\u0119bokim oczyszczaniem, r\u00f3wnie\u017c \u017cel prezentuje efekt zimnej obr\u00f3bki par\u0105 wodn\u0105. Z powodzeniem jest stosowan", "is_active": true, "created": "2017-10-07T12:59:31.349Z", "updated": "2018-03-12T18:12:15.573Z"}}, {"model": "products.product", "pk": 2, "fields": {"name": "Drying Treatment with Make-Up", "name_pl": null, "slug": "drying-treatment-make-up", "price": "259.99", "discount": 15, "category": 2, "name_description": null, "description": "Product line: DERMO CONTROL\r\nSpos\u00f3b u\u017cycia: \u015arodek nak\u0142ada\u0107 na lokalne stany zapalne lub na miejsce z licznymi wysypkami. Je\u017celi \u015brodek na\u0142o\u017cy\u0107 na pocz\u0105tkowym etapie wynikni\u0119cia stanu zapalnego, odbywa si\u0119 bardzo szybkie gojenie.\r\nSk\u0142adniki aktywne: Glinka Bia\u0142a, Tlenek Cynku, Biorozpuszczalna Siarka, Kamfora, Ekstrakt z Mydlnicy Lekarskiej, Kwas Salicylowy, Olejek z Drzewa Herbacianego.\r\nZu\u017cycie: 0.1 ml\r\n\r\nSpecjalny \u015brodek przeznaczony do lokalnego leczenia wysypek, szczeg\u00f3lnie do sk\u00f3ry problematycznej nastolatk\u00f3w. Ma dzia\u0142anie antyseptyczne i bakteriob\u00f3jcze. Osusza zbyt t\u0142ust\u0105 sk\u00f3r\u0119, dezynfekuje i eliminuje procesy zapalne, skutecznie o\u015bwietla sk\u00f3r\u0119 w miejscu formowania element\u00f3w zapalnych.", "name_description_1": null, "description_1": "1", "name_description_2": null, "description_2": null, "name_description_3": null, "description_3": null, "name_description_4": null, "description_4": null, "name_description_5": null, "description_5": null, "short_description": "Specjalny \u015brodek przeznaczony do lokalnego leczenia wysypek, szczeg\u00f3lnie do sk\u00f3ry problematycznej nastolatk\u00f3w. Ma dzia\u0142anie antyseptyczne i bakteriob\u00f3jcze. Osusza zbyt t\u0142ust\u0105 sk\u00f3r\u0119, dezynfekuje i eliminuje procesy zapalne, skutecznie o\u015bwietla sk\u00f3r\u0119 w miejscu formowania element\u00f3w zapalnych.", "is_active": true, "created": "2017-10-07T15:02:08.287Z", "updated": "2017-10-24T16:45:17.968Z"}}, {"model": "products.product", "pk": 3, "fields": {"name": "Phyto Complex", "name_pl": null, "slug": "phyto-complex", "price": "40.99", "discount": 20, "category": 2, "name_description": null, "description": "Product line: DERMO CONTROL\r\nSpos\u00f3b u\u017cycia: \u015brodek jest bardzo ekonomiczny w u\u017cyciu, wystarczy kilka kropli olejku r\u00f3wnomiernie rozprowadzi\u0107 na twarzy opuszkami palc\u00f3w. W warunkach domowych mo\u017ce by\u0107 stosowany zamiast kremu nocnego. Fitokompleks zabezpiecza t\u0142ust\u0105 cer\u0119 niezb\u0119dnym nawil\u017caniem, normalizuje sebo-regulacj\u0119 i r\u00f3wnowag\u0119 lipidow\u0105. \u25cf \u015arodek mo\u017ce by\u0107 stosowany w salonie kosmetycznym dla antyseptycznej dezynfekcji sk\u00f3ry po oczyszczaniu; \u25cf Phyto Complex mo\u017cna stosowa\u0107 do masa\u017cu sk\u00f3ry normalnej, sk\u00f3ry ze sk\u0142onno\u015bci\u0105 do przet\u0142uszczania si\u0119 i wysypki.\r\nSk\u0142adniki aktywne: Olejki ze S\u0142odkich Migda\u0142\u00f3w, Olejek z Kie\u0142k\u00f3w Pszenicy, Jojoba i Drzewa Herbacianego, Witamina E, Olejki z Citronella, Ja\u0142owca i Geranium.\r\nZu\u017cycie: 0.3 ml", "name_description_1": null, "description_1": "1", "name_description_2": null, "description_2": null, "name_description_3": null, "description_3": null, "name_description_4": null, "description_4": null, "name_description_5": null, "description_5": null, "short_description": "Phyto Complex \u2013 to jest mieszanka olejk\u00f3w naturalnych, doskonale koi, \u0142agodzi zaczerwienienia i pomaga szybciej odnowi\u0107 cer\u0119 po g\u0142\u0119bokim oczyszczaniu. Ma w\u0142a\u015bciwo\u015bci antyseptyczne, przeciwbakteryjne, przeciwzapalne, wspomaga regeneracj\u0119 sk\u00f3ry. Dezynfekuje i usuwa stany zapalne i wysypki. Phyto Complex szybko si\u0119 wch\u0142ania, nie pozostawia t\u0142ustego po\u0142ysku.", "is_active": true, "created": "2017-10-07T15:03:33.651Z", "updated": "2017-10-07T15:03:33.651Z"}}, {"model": "products.product", "pk": 4, "fields": {"name": "Moisturizing Cream for Oily and Combination Skin Oil-Free", "name_pl": null, "slug": "moisturizing-cream-oily-and-combination-skin-oil-free", "price": "314.99", "discount": 5, "category": 2, "name_description": null, "description": "Product line: DERMO CONTROL\r\nSpos\u00f3b u\u017cycia: Krem mo\u017cna stosowa\u0107 jako codzienny krem nawil\u017caj\u0105cy (podczas ciep\u0142ej pogody \u2013 jako krem dzienny, podczas zimnej pogody \u2013 jako nocny). Na oczyszczon\u0105 sk\u00f3r\u0119 twarzy na\u0142o\u017cy\u0107 cienk\u0105 warstw\u0119 kremu.\r\nSk\u0142adniki aktywne: Ekstrakt z Mydlnicy Lekarskiej, Tr\u00f3jglicerydy Kwasu Kaprylowego, Kwas Salicylowy, Witamina A.\r\nZu\u017cycie: 0.5 ml\r\n\r\nDzi\u0119ki odt\u0142uszczonej bazie, ten krem ma lekk\u0105 i delikatn\u0105 struktur\u0119 i idealne pasuje do sk\u00f3ry nawet najbardziej t\u0142ustej i mieszanej. Krem jest wzbogacony o sk\u0142adniki nawil\u017caj\u0105ce. Nie zatyka por\u00f3w. To pobudza proces oddychania mi\u0119dzykom\u00f3rkowego, zwi\u0119ksza elastyczno\u015b\u0107 sk\u00f3ry. Krem szybko si\u0119 wch\u0142ania, nie pozostawia t\u0142ustego po\u0142ysku i uczucia lepko\u015bci. Doskona\u0142a baza do makija\u017cu, nie pozostawia t\u0142ustego po\u0142ysku lub uczucia ci\u0119\u017cko\u015bci przy stosowaniu \u015brodk\u00f3w tonalnych.", "name_description_1": null, "description_1": "1", "name_description_2": null, "description_2": null, "name_description_3": null, "description_3": null, "name_description_4": null, "description_4": null, "name_description_5": null, "description_5": null, "short_description": "Dzi\u0119ki odt\u0142uszczonej bazie, ten krem ma lekk\u0105 i delikatn\u0105 struktur\u0119 i idealne pasuje do sk\u00f3ry nawet najbardziej t\u0142ustej i mieszanej. Krem jest wzbogacony o sk\u0142adniki nawil\u017caj\u0105ce. Nie zatyka por\u00f3w. To pobudza proces oddychania mi\u0119dzykom\u00f3rkowego, zwi\u0119ksza elastyczno\u015b\u0107 sk\u00f3ry. Krem szybko si\u0119 wch\u0142ania, nie pozostawia t\u0142ustego po\u0142ysku i uczucia lepko\u015bci. Doskona\u0142a baza do makija\u017cu, nie pozostawia t\u0142ustego po\u0142ysku lub uczucia ci\u0119\u017cko\u015bci przy stosowaniu \u015brodk\u00f3w tonalnych.", "is_active": true, "created": "2017-10-07T15:05:21.772Z", "updated": "2017-10-07T15:05:21.772Z"}}, {"model": "products.product", "pk": 5, "fields": {"name": "Dermo Control Mask", "name_pl": null, "slug": "dermo-control-mask", "price": "119.00", "discount": 15, "category": 2, "name_description": null, "description": "Product line: DERMO CONTROL\r\nSpos\u00f3b u\u017cycia: Na\u0142o\u017cy\u0107 dostateczn\u0105 warstw\u0119 maseczki na obszary problemowe lub na ca\u0142\u0105 twarz. Antyseptyczne olejki, jako sk\u0142adniki maseczki, mog\u0105 powodowa\u0107 pieczenie w ci\u0105gu pierwszych kilku minut po aplikacji. Czeka\u0107 do ca\u0142kowitego wyschni\u0119cia. Maseczk\u0119 pozostawi\u0107 na 20-25 minut, czas wyschni\u0119cia maseczki zale\u017cy od grubo\u015bci warstwy maseczki. Po wyschni\u0119ciu maseczki mo\u017cna darsonwalizowa\u0107 twarz urz\u0105dzeniem Darsonval. Sp\u0142uka\u0107 ch\u0142odn\u0105 wod\u0105.\r\nSk\u0142adniki aktywne: Glinka Zielona, Tlenek Cynku, Ekstrakt z Mydlnicy Lekarskiej i Sza\u0142wii, Triklosan, Olejek Geranium.\r\nZu\u017cycie: 5 ml\r\n\r\nMaseczka jest skuteczna w leczeniu tr\u0105dziku i tr\u0105dziku pospolitego. Maseczka ma silne dzia\u0142anie przeciwzapalne, pomaga oczy\u015bci\u0107 pory, zmniejsza aktywno\u015b\u0107 gruczo\u0142\u00f3w \u0142ojowych, sprzyja resorpcji naciek\u00f3w, skutecznie \u0142agodzi podra\u017cnienia sk\u00f3ry po oczyszczaniu, zmniejsza zaczerwienienie i matuje sk\u00f3r\u0119 t\u0142ust\u0105.\r\n\r\nDzia\u0142anie maseczki:\r\n\r\n\u2022 Maseczka dzia\u0142a jako bardzo skuteczny seboregulator, wyci\u0105gaj\u0105c z por\u00f3w nadmiar sebum; matuje sk\u00f3r\u0119;\r\n\u2022 Dzi\u0119ki tak bogatemu sk\u0142adowi \u015brodk\u00f3w antyseptycznych maseczka jest idealna do ko\u0144cowego etapu oczyszczania sk\u00f3ry.", "name_description_1": null, "description_1": "1", "name_description_2": null, "description_2": null, "name_description_3": null, "description_3": null, "name_description_4": null, "description_4": null, "name_description_5": null, "description_5": null, "short_description": "Maseczka dzia\u0142a jako bardzo skuteczny seboregulator, wyci\u0105gaj\u0105c z por\u00f3w nadmiar sebum; matuje sk\u00f3r\u0119", "is_active": true, "created": "2017-10-07T15:07:18.835Z", "updated": "2017-10-07T15:07:18.835Z"}}, {"model": "products.productimage", "pk": 1, "fields": {"product": 1, "image": "products_images/03_Hydration_Gel_250_ml_WebSite_534x558.png", "is_active": true, "is_main": true, "created": "2017-10-07T12:59:31.378Z", "updated": "2017-10-07T12:59:31.378Z"}}, {"model": "products.productimage", "pk": 2, "fields": {"product": 2, "image": "products_images/08_09_Drying_Treatment_group_2_WebSite_534x558.png", "is_active": true, "is_main": true, "created": "2017-10-07T15:02:08.294Z", "updated": "2017-10-07T15:02:08.294Z"}}, {"model": "products.productimage", "pk": 3, "fields": {"product": 3, "image": "products_images/07_Phyto_Complex_group_2_box_WebSite_534x558.png", "is_active": true, "is_main": true, "created": "2017-10-07T15:03:33.673Z", "updated": "2017-10-07T15:03:33.673Z"}}, {"model": "products.productimage", "pk": 4, "fields": {"product": 4, "image": "products_images/06_Moisturizing_Cream_for_Oily__Combined_Skin_oil-free_group_WebSite_534_558.png", "is_active": true, "is_main": true, "created": "2017-10-07T15:05:21.845Z", "updated": "2017-10-07T15:05:21.845Z"}}, {"model": "products.productimage", "pk": 5, "fields": {"product": 5, "image": "products_images/04_Dermo_Control_Mask_group_2_WebSite_534x558.png", "is_active": true, "is_main": true, "created": "2017-10-07T15:07:18.843Z", "updated": "2017-10-07T15:07:18.843Z"}}, {"model": "orders.status", "pk": 1, "fields": {"name": "New", "is_active": true, "created": "2017-10-21T07:59:16.712Z", "updated": "2017-10-21T07:59:16.712Z"}}, {"model": "orders.status", "pk": 2, "fields": {"name": "Sent", "is_active": true, "created": "2017-10-21T07:59:29.856Z", "updated": "2017-10-21T07:59:29.856Z"}}, {"model": "orders.status", "pk": 3, "fields": {"name": "Done", "is_active": true, "created": "2017-10-21T07:59:47.137Z", "updated": "2017-10-21T07:59:47.137Z"}}, {"model": "blogs.blogcategory", "pk": 1, "fields": {"name": "Beauty Face", "slug": "beauty-face", "is_active": true}}, {"model": "blogs.blogcategory", "pk": 2, "fields": {"name": "Healthy Nails", "slug": "healthy-nails", "is_active": true}}, {"model": "blogs.blogcategory", "pk": 3, "fields": {"name": "Strong Body", "slug": "strong-body", "is_active": true}}, {"model": "cosmetologs.categoryforcosmetolog", "pk": 1, "fields": {"name": "Nails", "slug": "nails", "is_active": true}}, {"model": "cosmetologs.categoryforcosmetolog", "pk": 2, "fields": {"name": "Face", "slug": "face", "is_active": true}}, {"model": "cosmetologs.categoryforcosmetolog", "pk": 3, "fields": {"name": "Body", "slug": "body", "is_active": true}}, {"model": "cosmetologs.categoryforcosmetolog", "pk": 4, "fields": {"name": "Others Service", "slug": "others-service", "is_active": true}}, {"model": "cosmetologs.subcategoryforcosmetolog", "pk": 1, "fields": {"name": "Manicure pow\u0142\u00f3czystych rz\u0119s", "slug": "manicure-powloczystych-rzes", "category": 1, "subcategory_category": "Manicure pow\u0142\u00f3czystych rz\u0119s, Nails", "url": "nails/manicure-powloczystych-rzes", "is_active": true}}, {"model": "cosmetologs.subcategoryforcosmetolog", "pk": 2, "fields": {"name": "Pedicure", "slug": "pedicure", "category": 1, "subcategory_category": "Pedicure, Nails", "url": "nails/pedicure", "is_active": true}}, {"model": "cosmetologs.subcategoryforcosmetolog", "pk": 3, "fields": {"name": "Gel", "slug": "gel", "category": 1, "subcategory_category": "Gel, Nails", "url": "nails/gel", "is_active": true}}, {"model": "addresses.addresstype", "pk": 1, "fields": {"name": "kraj", "slug": "kraj", "variants": null, "level": 0, "is_active": true}}, {"model": "addresses.addresstype", "pk": 2, "fields": {"name": "wojew\u00f3dztwo", "slug": "wojewodztwo", "variants": null, "level": 1, "is_active": true}}, {"model": "addresses.addresstype", "pk": 3, "fields": {"name": "powiat", "slug": "powiat", "variants": null, "level": 2, "is_active": true}}, {"model": "addresses.addresstype", "pk": 4, "fields": {"name": "gmina", "slug": "gmina", "variants": null, "level": 3, "is_active": true}}, {"model": "addresses.addresstype", "pk": 5, "fields": {"name": "miasto", "slug": "miasto", "variants": null, "level": 4, "is_active": true}}, {"model": "addresses.addresstype", "pk": 6, "fields": {"name": "dzielnica", "slug": "dzielnica", "variants": null, "level": 5, "is_active": true}}, {"model": "addresses.addresstype", "pk": 7, "fields": {"name": "ulica", "slug": "ulica", "variants": null, "level": 10, "is_active": true}}, {"model": "addresses.addresstype", "pk": 8, "fields": {"name": "aleje", "slug": "aleje", "variants": null, "level": 10, "is_active": true}}, {"model": "addresses.addresstype", "pk": 9, "fields": {"name": "rondo", "slug": "rondo", "variants": null, "level": 10, "is_active": true}}, {"model": "addresses.addresstype", "pk": 10, "fields": {"name": "plac", "slug": "plac", "variants": null, "level": 10, "is_active": true}}, {"model": "addresses.address", "pk": 1, "fields": {"name": "Polska", "full_address": "Polska", "display_address": "Polska", "url": "/polska", "parent_id": null, "type_id": 0, "type_level": 1, "is_active": true}}, {"model": "addresses.address", "pk": 2, "fields": {"name": "Wielkopolskie", "full_address": "Polska, Wielkopolskie", "display_address": "Wielkopolskie", "url": "/wielkopolskie", "parent_id": 1, "type_id": 1, "type_level": 2, "is_active": true}}, {"model": "addresses.address", "pk": 3, "fields": {"name": "Kujawsko-pomorskie", "full_address": "Polska, Kujawsko-pomorskie", "display_address": "Kujawsko-pomorskie", "url": "/kujawsko-pomorskie", "parent_id": 1, "type_id": 1, "type_level": 2, "is_active": true}}, {"model": "addresses.address", "pk": 4, "fields": {"name": "Mazowieckie", "full_address": "Polska, Mazowieckie", "display_address": "Mazowieckie", "url": "/mazowieckie", "parent_id": 1, "type_id": 1, "type_level": 2, "is_active": true}}, {"model": "addresses.address", "pk": 5, "fields": {"name": "Warszawa", "full_address": "Polska, Mazowieckie, Warszawa", "display_address": "Warszawa", "url": "/warszawa", "parent_id": 4, "type_id": 4, "type_level": 5, "is_active": true}}, {"model": "addresses.address", "pk": 6, "fields": {"name": "\u017boliborz", "full_address": "Polska, Mazowieckie, Warszawa, \u017boliborz", "display_address": "Warszawa, \u017boliborz", "url": "/warszawa/zoliborz", "parent_id": 5, "type_id": 5, "type_level": 6, "is_active": true}}, {"model": "addresses.address", "pk": 7, "fields": {"name": "Krasi\u0144skiego", "full_address": "Polska, Mazowieckie, Warszawa, \u017boliborz, Krasi\u0144skiego", "display_address": "Warszawa, Krasi\u0144skiego", "url": "/warszawa/krasinskiego", "parent_id": 6, "type_id": 10, "type_level": 7, "is_active": true}}, {"model": "addresses.address", "pk": 8, "fields": {"name": "Broniewskiego", "full_address": "Polska, Mazowieckie, Warszawa, \u017boliborz, Broniewskiego", "display_address": "Warszawa, Broniewskiego", "url": "/warszawa/broniewskiego", "parent_id": 6, "type_id": 10, "type_level": 7, "is_active": true}}, {"model": "addresses.address", "pk": 32, "fields": {"name": "Ma\u0142opolskie", "full_address": "Polska, Ma\u0142opolskie", "display_address": "Ma\u0142opolskie", "url": "/malopolskie", "parent_id": 1, "type_id": 1, "type_level": 2, "is_active": true}}, {"model": "addresses.address", "pk": 33, "fields": {"name": "\u0141\u00f3dzkie", "full_address": "Polska, \u0141\u00f3dzkie", "display_address": "\u0141\u00f3dzkie", "url": "/lodzkie", "parent_id": 1, "type_id": 1, "type_level": 2, "is_active": true}}, {"model": "addresses.address", "pk": 34, "fields": {"name": "Dolno\u015bl\u0105skie", "full_address": "Polska, Dolno\u015bl\u0105skie", "display_address": "Dolno\u015bl\u0105skie", "url": "/dolnoslaskie", "parent_id": 1, "type_id": 1, "type_level": 2, "is_active": true}}, {"model": "addresses.address", "pk": 35, "fields": {"name": "Lubelskie", "full_address": "Polska, Lubelskie", "display_address": "Lubelskie", "url": "/lubelskie", "parent_id": 1, "type_id": 1, "type_level": 2, "is_active": true}}, {"model": "addresses.address", "pk": 36, "fields": {"name": "Lubuskie", "full_address": "Polska, Lubuskie", "display_address": "Lubuskie", "url": "/lubuskie", "parent_id": 1, "type_id": 1, "type_level": 2, "is_active": true}}, {"model": "addresses.address", "pk": 37, "fields": {"name": "Opolskie", "full_address": "Polska, Opolskie", "display_address": "Opolskie", "url": "/opolskie", "parent_id": 1, "type_id": 1, "type_level": 2, "is_active": true}}, {"model": "addresses.address", "pk": 38, "fields": {"name": "Podlaskie", "full_address": "Polska, Podlaskie", "display_address": "Podlaskie", "url": "/podlaskie", "parent_id": 1, "type_id": 1, "type_level": 2, "is_active": true}}, {"model": "addresses.address", "pk": 39, "fields": {"name": "Pomorskie", "full_address": "Polska, Pomorskie", "display_address": "Pomorskie", "url": "/pomorskie", "parent_id": 1, "type_id": 1, "type_level": 2, "is_active": true}}, {"model": "addresses.address", "pk": 40, "fields": {"name": "\u015al\u0105skie", "full_address": "Polska, \u015al\u0105skie", "display_address": "\u015al\u0105skie", "url": "/slaskie", "parent_id": 1, "type_id": 1, "type_level": 2, "is_active": true}}, {"model": "addresses.address", "pk": 41, "fields": {"name": "Podkarpackie", "full_address": "Polska, Podkarpackie", "display_address": "Podkarpackie", "url": "/podkarpackie", "parent_id": 1, "type_id": 1, "type_level": 2, "is_active": true}}, {"model": "addresses.address", "pk": 42, "fields": {"name": "\u015awi\u0119tokrzyskie", "full_address": "Polska, \u015awi\u0119tokrzyskie", "display_address": "\u015awi\u0119tokrzyskie", "url": "/swietokrzyskie", "parent_id": 1, "type_id": 1, "type_level": 2, "is_active": true}}, {"model": "addresses.address", "pk": 43, "fields": {"name": "Warmi\u0144sko-mazurskie", "full_address": "Polska, Warmi\u0144sko-mazurskie", "display_address": "Warmi\u0144sko-mazurskie", "url": "/warminsko-mazurskie", "parent_id": 1, "type_id": 1, "type_level": 2, "is_active": true}}, {"model": "addresses.address", "pk": 44, "fields": {"name": "Zachodniopomorskie", "full_address": "Polska, Zachodniopomorskie", "display_address": "Zachodniopomorskie", "url": "/zachodniopomorskie", "parent_id": 1, "type_id": 1, "type_level": 2, "is_active": true}}, {"model": "addresses.address", "pk": 45, "fields": {"name": "Bemowo", "full_address": "Polska, Mazowieckie, Warszawa, Bemowo", "display_address": "Warszawa, Bemowo", "url": "/warszawa/bemowo", "parent_id": 5, "type_id": 5, "type_level": 6, "is_active": true}}, {"model": "addresses.address", "pk": 46, "fields": {"name": "Bia\u0142o\u0142\u0119ka", "full_address": "Polska, Mazowieckie, Warszawa, Bia\u0142o\u0142\u0119ka", "display_address": "Warszawa, Bia\u0142o\u0142\u0119ka", "url": "/warszawa/bialoleka", "parent_id": 5, "type_id": 5, "type_level": 6, "is_active": true}}, {"model": "addresses.address", "pk": 47, "fields": {"name": "Bielany", "full_address": "Polska, Mazowieckie, Warszawa, Bielany", "display_address": "Warszawa, Bielany", "url": "/warszawa/bielany", "parent_id": 5, "type_id": 5, "type_level": 6, "is_active": true}}, {"model": "addresses.address", "pk": 48, "fields": {"name": "Mokot\u00f3w", "full_address": "Polska, Mazowieckie, Warszawa, Mokot\u00f3w", "display_address": "Warszawa, Mokot\u00f3w", "url": "/warszawa/mokotow", "parent_id": 5, "type_id": 5, "type_level": 6, "is_active": true}}, {"model": "addresses.address", "pk": 49, "fields": {"name": "Ochota", "full_address": "Polska, Mazowieckie, Warszawa, Ochota", "display_address": "Warszawa, Ochota", "url": "/warszawa/ochota", "parent_id": 5, "type_id": 5, "type_level": 6, "is_active": true}}, {"model": "addresses.address", "pk": 50, "fields": {"name": "Praga-Po\u0142udnie", "full_address": "Polska, Mazowieckie, Warszawa, Praga-Po\u0142udnie", "display_address": "Warszawa, Praga-Po\u0142udnie", "url": "/warszawa/praga-poludnie", "parent_id": 5, "type_id": 5, "type_level": 6, "is_active": true}}, {"model": "addresses.address", "pk": 51, "fields": {"name": "Praga-P\u00f3\u0142noc", "full_address": "Polska, Mazowieckie, Warszawa, Praga-P\u00f3\u0142noc", "display_address": "Warszawa, Praga-P\u00f3\u0142noc", "url": "/warszawa/praga-polnoc", "parent_id": 5, "type_id": 5, "type_level": 6, "is_active": true}}, {"model": "addresses.address", "pk": 52, "fields": {"name": "Rembert\u00f3w", "full_address": "Polska, Mazowieckie, Warszawa, Rembert\u00f3w", "display_address": "Warszawa, Rembert\u00f3w", "url": "/warszawa/rembertow", "parent_id": 5, "type_id": 5, "type_level": 6, "is_active": true}}, {"model": "addresses.address", "pk": 53, "fields": {"name": "\u015ar\u00f3dmie\u015bcie", "full_address": "Polska, Mazowieckie, Warszawa, \u015ar\u00f3dmie\u015bcie", "display_address": "Warszawa, \u015ar\u00f3dmie\u015bcie", "url": "/warszawa/srodmiescie", "parent_id": 5, "type_id": 5, "type_level": 6, "is_active": true}}, {"model": "addresses.address", "pk": 54, "fields": {"name": "Targ\u00f3wek", "full_address": "Polska, Mazowieckie, Warszawa, Targ\u00f3wek", "display_address": "Warszawa, Targ\u00f3wek", "url": "/warszawa/targowek", "parent_id": 5, "type_id": 5, "type_level": 6, "is_active": true}}, {"model": "addresses.address", "pk": 55, "fields": {"name": "Ursus", "full_address": "Polska, Mazowieckie, Warszawa, Ursus", "display_address": "Warszawa, Ursus", "url": "/warszawa/ursus", "parent_id": 5, "type_id": 5, "type_level": 6, "is_active": true}}, {"model": "addresses.address", "pk": 56, "fields": {"name": "Ursyn\u00f3w", "full_address": "Polska, Mazowieckie, Warszawa, Ursyn\u00f3w", "display_address": "Warszawa, Ursyn\u00f3w", "url": "/warszawa/ursynow", "parent_id": 5, "type_id": 5, "type_level": 6, "is_active": true}}, {"model": "addresses.address", "pk": 57, "fields": {"name": "Wawer", "full_address": "Polska, Mazowieckie, Warszawa, Wawer", "display_address": "Warszawa, Wawer", "url": "/warszawa/wawer", "parent_id": 5, "type_id": 5, "type_level": 6, "is_active": true}}, {"model": "addresses.address", "pk": 58, "fields": {"name": "Weso\u0142a", "full_address": "Polska, Mazowieckie, Warszawa, Weso\u0142a", "display_address": "Warszawa, Weso\u0142a", "url": "/warszawa/wesola", "parent_id": 5, "type_id": 5, "type_level": 6, "is_active": true}}, {"model": "addresses.address", "pk": 59, "fields": {"name": "Wilan\u00f3w", "full_address": "Polska, Mazowieckie, Warszawa, Wilan\u00f3w", "display_address": "Warszawa, Wilan\u00f3w", "url": "/warszawa/wilanow", "parent_id": 5, "type_id": 5, "type_level": 6, "is_active": true}}, {"model": "addresses.address", "pk": 60, "fields": {"name": "W\u0142ochy", "full_address": "Polska, Mazowieckie, Warszawa, W\u0142ochy", "display_address": "Warszawa, W\u0142ochy", "url": "/warszawa/wlochy", "parent_id": 5, "type_id": 5, "type_level": 6, "is_active": true}}, {"model": "addresses.address", "pk": 61, "fields": {"name": "Wola", "full_address": "Polska, Mazowieckie, Warszawa, Wola", "display_address": "Warszawa, Wola", "url": "/warszawa/wola", "parent_id": 5, "type_id": 5, "type_level": 6, "is_active": true}}, {"model": "addresses.address", "pk": 62, "fields": {"name": "Pozna\u0144", "full_address": "Polska, Wielkopolskie, Pozna\u0144", "display_address": "Pozna\u0144", "url": "/poznan", "parent_id": 2, "type_id": 4, "type_level": 5, "is_active": true}}, {"model": "addresses.address", "pk": 63, "fields": {"name": "Bydgoszcz", "full_address": "Polska, Kujawsko-pomorskie, Bydgoszcz", "display_address": "Bydgoszcz", "url": "/bydgoszcz", "parent_id": 3, "type_id": 4, "type_level": 5, "is_active": true}}, {"model": "addresses.address", "pk": 64, "fields": {"name": "Toru\u0144", "full_address": "Polska, Kujawsko-pomorskie, Toru\u0144", "display_address": "Toru\u0144", "url": "/torun", "parent_id": 3, "type_id": 4, "type_level": 5, "is_active": true}}, {"model": "addresses.address", "pk": 65, "fields": {"name": "Krak\u00f3w", "full_address": "Polska, Ma\u0142opolskie, Krak\u00f3w", "display_address": "Krak\u00f3w", "url": "/krakow", "parent_id": 32, "type_id": 4, "type_level": 5, "is_active": true}}, {"model": "addresses.address", "pk": 66, "fields": {"name": "\u0141\u00f3d\u017a", "full_address": "Polska, \u0141\u00f3dzkie, \u0141\u00f3d\u017a", "display_address": "\u0141\u00f3d\u017a", "url": "/lodz", "parent_id": 33, "type_id": 4, "type_level": 5, "is_active": true}}, {"model": "addresses.address", "pk": 67, "fields": {"name": "Wroc\u0142aw", "full_address": "Polska, Dolno\u015bl\u0105skie, Wroc\u0142aw", "display_address": "Wroc\u0142aw", "url": "/wroclaw", "parent_id": 34, "type_id": 4, "type_level": 5, "is_active": true}}, {"model": "addresses.address", "pk": 68, "fields": {"name": "Lublin", "full_address": "Polska, Lubelskie, Lublin", "display_address": "Lublin", "url": "/lublin", "parent_id": 35, "type_id": 4, "type_level": 5, "is_active": true}}, {"model": "addresses.address", "pk": 69, "fields": {"name": "Gorz\u00f3w Wielkopolski", "full_address": "Polska, Lubuskie, Gorz\u00f3w Wielkopolski", "display_address": "Gorz\u00f3w Wielkopolski", "url": "/gorzow-wielkopolski", "parent_id": 36, "type_id": 4, "type_level": 5, "is_active": true}}, {"model": "addresses.address", "pk": 70, "fields": {"name": "Zielona G\u00f3ra", "full_address": "Polska, Lubuskie, Zielona G\u00f3ra", "display_address": "Zielona G\u00f3ra", "url": "/zielona-gora", "parent_id": 36, "type_id": 4, "type_level": 5, "is_active": true}}, {"model": "addresses.address", "pk": 71, "fields": {"name": "Opole", "full_address": "Polska, Opolskie, Opole", "display_address": "Opole", "url": "/opole", "parent_id": 37, "type_id": 4, "type_level": 5, "is_active": true}}, {"model": "addresses.address", "pk": 72, "fields": {"name": "Bia\u0142ystok", "full_address": "Polska, Podlaskie, Bia\u0142ystok", "display_address": "Bia\u0142ystok", "url": "/bialystok", "parent_id": 38, "type_id": 4, "type_level": 5, "is_active": true}}, {"model": "addresses.address", "pk": 73, "fields": {"name": "Gda\u0144sk", "full_address": "Polska, Pomorskie, Gda\u0144sk", "display_address": "Gda\u0144sk", "url": "/gdansk", "parent_id": 39, "type_id": 4, "type_level": 5, "is_active": true}}, {"model": "addresses.address", "pk": 74, "fields": {"name": "Katowice", "full_address": "Polska, \u015al\u0105skie, Katowice", "display_address": "Katowice", "url": "/katowice", "parent_id": 40, "type_id": 4, "type_level": 5, "is_active": true}}, {"model": "addresses.address", "pk": 75, "fields": {"name": "Rzesz\u00f3w", "full_address": "Polska, Podkarpackie, Rzesz\u00f3w", "display_address": "Rzesz\u00f3w", "url": "/rzeszow", "parent_id": 41, "type_id": 4, "type_level": 5, "is_active": true}}, {"model": "addresses.address", "pk": 76, "fields": {"name": "Kielce", "full_address": "Polska, \u015awi\u0119tokrzyskie, Kielce", "display_address": "Kielce", "url": "/kielce", "parent_id": 42, "type_id": 4, "type_level": 5, "is_active": true}}, {"model": "addresses.address", "pk": 77, "fields": {"name": "Olsztyn", "full_address": "Polska, Warmi\u0144sko-mazurskie, Olsztyn", "display_address": "Olsztyn", "url": "/olsztyn", "parent_id": 43, "type_id": 4, "type_level": 5, "is_active": true}}, {"model": "addresses.address", "pk": 78, "fields": {"name": "Szczecin", "full_address": "Polska, Zachodniopomorskie, Szczecin", "display_address": "Szczecin", "url": "/szczecin", "parent_id": 44, "type_id": 4, "type_level": 5, "is_active": true}}, {"model": "addresses.address", "pk": 79, "fields": {"name": "Stare Miasto", "full_address": "Polska, Ma\u0142opolskie, Krak\u00f3w, Stare Miasto", "display_address": "Krak\u00f3w, Stare Miasto", "url": "/krakow/stare-miasto", "parent_id": 65, "type_id": 5, "type_level": 6, "is_active": true}}, {"model": "addresses.address", "pk": 80, "fields": {"name": "Grzeg\u00f3rzki", "full_address": "Polska, Ma\u0142opolskie, Krak\u00f3w, Grzeg\u00f3rzki", "display_address": "Krak\u00f3w, Grzeg\u00f3rzki", "url": "/krakow/grzegorzki", "parent_id": 65, "type_id": 5, "type_level": 6, "is_active": true}}, {"model": "addresses.address", "pk": 81, "fields": {"name": "Pr\u0105dnik Czerwony", "full_address": "Polska, Ma\u0142opolskie, Krak\u00f3w, Pr\u0105dnik Czerwony", "display_address": "Krak\u00f3w, Pr\u0105dnik Czerwony", "url": "/krakow/pradnik-czerwony", "parent_id": 65, "type_id": 5, "type_level": 6, "is_active": true}}, {"model": "addresses.address", "pk": 82, "fields": {"name": "Pr\u0105dnik Bia\u0142y", "full_address": "Polska, Ma\u0142opolskie, Krak\u00f3w, Pr\u0105dnik Bia\u0142y", "display_address": "Krak\u00f3w, Pr\u0105dnik Bia\u0142y", "url": "/krakow/pradnik-bialy", "parent_id": 65, "type_id": 5, "type_level": 6, "is_active": true}}, {"model": "addresses.address", "pk": 83, "fields": {"name": "Krowodrza", "full_address": "Polska, Ma\u0142opolskie, Krak\u00f3w, Krowodrza", "display_address": "Krak\u00f3w, Krowodrza", "url": "/krakow/krowodrza", "parent_id": 65, "type_id": 5, "type_level": 6, "is_active": true}}, {"model": "addresses.address", "pk": 84, "fields": {"name": "Bronowice", "full_address": "Polska, Ma\u0142opolskie, Krak\u00f3w, Bronowice", "display_address": "Krak\u00f3w, Bronowice", "url": "/krakow/bronowice", "parent_id": 65, "type_id": 5, "type_level": 6, "is_active": true}}, {"model": "addresses.address", "pk": 85, "fields": {"name": "Zwierzyniec", "full_address": "Polska, Ma\u0142opolskie, Krak\u00f3w, Zwierzyniec", "display_address": "Krak\u00f3w, Zwierzyniec", "url": "/krakow/zwierzyniec", "parent_id": 65, "type_id": 5, "type_level": 6, "is_active": true}}, {"model": "addresses.address", "pk": 86, "fields": {"name": "D\u0119bniki", "full_address": "Polska, Ma\u0142opolskie, Krak\u00f3w, D\u0119bniki", "display_address": "Krak\u00f3w, D\u0119bniki", "url": "/krakow/debniki", "parent_id": 65, "type_id": 5, "type_level": 6, "is_active": true}}, {"model": "addresses.address", "pk": 87, "fields": {"name": "\u0141agiewniki-Borek Fa\u0142\u0119cki", "full_address": "Polska, Ma\u0142opolskie, Krak\u00f3w, \u0141agiewniki-Borek Fa\u0142\u0119cki", "display_address": "Krak\u00f3w, \u0141agiewniki-Borek Fa\u0142\u0119cki", "url": "/krakow/lagiewniki-borek-falecki", "parent_id": 65, "type_id": 5, "type_level": 6, "is_active": true}}, {"model": "addresses.address", "pk": 88, "fields": {"name": "Swoszowice", "full_address": "Polska, Ma\u0142opolskie, Krak\u00f3w, Swoszowice", "display_address": "Krak\u00f3w, Swoszowice", "url": "/krakow/swoszowice", "parent_id": 65, "type_id": 5, "type_level": 6, "is_active": true}}, {"model": "addresses.address", "pk": 89, "fields": {"name": "Podg\u00f3rze Duchackie", "full_address": "Polska, Ma\u0142opolskie, Krak\u00f3w, Podg\u00f3rze Duchackie", "display_address": "Krak\u00f3w, Podg\u00f3rze Duchackie", "url": "/krakow/podgorze-duchackie", "parent_id": 65, "type_id": 5, "type_level": 6, "is_active": true}}, {"model": "addresses.address", "pk": 90, "fields": {"name": "Bie\u017can\u00f3w-Prokocim", "full_address": "Polska, Ma\u0142opolskie, Krak\u00f3w, Bie\u017can\u00f3w-Prokocim", "display_address": "Krak\u00f3w, Bie\u017can\u00f3w-Prokocim", "url": "/krakow/biezanow-prokocim", "parent_id": 65, "type_id": 5, "type_level": 6, "is_active": true}}, {"model": "addresses.address", "pk": 91, "fields": {"name": "Podg\u00f3rze", "full_address": "Polska, Ma\u0142opolskie, Krak\u00f3w, Podg\u00f3rze", "display_address": "Krak\u00f3w, Podg\u00f3rze", "url": "/krakow/podgorze", "parent_id": 65, "type_id": 5, "type_level": 6, "is_active": true}}, {"model": "addresses.address", "pk": 92, "fields": {"name": "Czy\u017cyny", "full_address": "Polska, Ma\u0142opolskie, Krak\u00f3w, Czy\u017cyny", "display_address": "Krak\u00f3w, Czy\u017cyny", "url": "/krakow/czyzyny", "parent_id": 65, "type_id": 5, "type_level": 6, "is_active": true}}, {"model": "addresses.address", "pk": 93, "fields": {"name": "Mistrzejowice", "full_address": "Polska, Ma\u0142opolskie, Krak\u00f3w, Mistrzejowice", "display_address": "Krak\u00f3w, Mistrzejowice", "url": "/krakow/mistrzejowice", "parent_id": 65, "type_id": 5, "type_level": 6, "is_active": true}}, {"model": "addresses.address", "pk": 94, "fields": {"name": "Bie\u0144czyce", "full_address": "Polska, Ma\u0142opolskie, Krak\u00f3w, Bie\u0144czyce", "display_address": "Krak\u00f3w, Bie\u0144czyce", "url": "/krakow/bienczyce", "parent_id": 65, "type_id": 5, "type_level": 6, "is_active": true}}, {"model": "addresses.address", "pk": 95, "fields": {"name": "Wzg\u00f3rza Krzes\u0142awickie", "full_address": "Polska, Ma\u0142opolskie, Krak\u00f3w, Wzg\u00f3rza Krzes\u0142awickie", "display_address": "Krak\u00f3w, Wzg\u00f3rza Krzes\u0142awickie", "url": "/krakow/wzgorza-krzeslawickie", "parent_id": 65, "type_id": 5, "type_level": 6, "is_active": true}}, {"model": "addresses.address", "pk": 96, "fields": {"name": "Nowa Huta", "full_address": "Polska, Ma\u0142opolskie, Krak\u00f3w, Nowa Huta", "display_address": "Krak\u00f3w, Nowa Huta", "url": "/krakow/nowa-huta", "parent_id": 65, "type_id": 5, "type_level": 6, "is_active": true}}]